scientificName,decimalLatitude,decimalLongitude,coordinateUncertaintyInMeters,year,month,day,depth,depthAccuracy,basisOfRecord,issue,source
Steindachneria argentea,22.183889,-97.351667,NA,1989,9,4,0,0,PRESERVED_SPECIMEN,COORDINATE_ROUNDED;GEODETIC_DATUM_ASSUMED_WGS84;TYPE_STATUS_INVALID;OCCURRENCE_STATUS_INFERRED_FROM_INDIVIDUAL_COUNT,GBIF
Steindachneria argentea,29.033333,-88.583333,NA,1954,6,15,0,NA,PRESERVED_SPECIMEN,COORDINATE_ROUNDED;GEODETIC_DATUM_ASSUMED_WGS84;CONTINENT_INVALID,GBIF
Steindachneria argentea,29.267,-87.928,NA,1985,3,29,NA,NA,PRESERVED_SPECIMEN,GEODETIC_DATUM_ASSUMED_WGS84;CONTINENT_INVALID,GBIF
Steindachneria argentea,29.25,-87.783333,NA,1985,3,27,NA,NA,PRESERVED_SPECIMEN,COORDINATE_ROUNDED;GEODETIC_DATUM_ASSUMED_WGS84;CONTINENT_INVALID,GBIF
Steindachneria argentea,28.566667,-89.35,NA,1985,4,7,NA,NA,PRESERVED_SPECIMEN,COORDINATE_ROUNDED;GEODETIC_DATUM_ASSUMED_WGS84;CONTINENT_INVALID,GBIF
Steindachneria argentea,28.866667,-89.216667,NA,1985,4,8,NA,NA,PRESERVED_SPECIMEN,COORDINATE_ROUNDED;GEODETIC_DATUM_ASSUMED_WGS84;CONTINENT_INVALID,GBIF
Steindachneria argentea,28.65,-89.468,NA,1985,4,7,NA,NA,PRESERVED_SPECIMEN,GEODETIC_DATUM_ASSUMED_WGS84;CONTINENT_INVALID,GBIF
Steindachneria argentea,29.1917,-88.1917,NA,1962,10,23,274,NA,PRESERVED_SPECIMEN,GEODETIC_DATUM_ASSUMED_WGS84;OCCURRENCE_STATUS_INFERRED_FROM_INDIVIDUAL_COUNT,GBIF
Steindachneria argentea,29.1917,-88.1917,NA,1962,10,23,274,NA,PRESERVED_SPECIMEN,GEODETIC_DATUM_ASSUMED_WGS84;OCCURRENCE_STATUS_INFERRED_FROM_INDIVIDUAL_COUNT,GBIF
Steindachneria argentea,29.201,-88.073,NA,1985,3,28,NA,NA,PRESERVED_SPECIMEN,GEODETIC_DATUM_ASSUMED_WGS84;CONTINENT_INVALID,GBIF
Steindachneria argentea,29.1167,-88.7167,NA,1937,4,10,55,0,PRESERVED_SPECIMEN,GEODETIC_DATUM_ASSUMED_WGS84;OCCURRENCE_STATUS_INFERRED_FROM_INDIVIDUAL_COUNT,GBIF
Steindachneria argentea,29.4833,-88.7667,NA,1937,4,9,110,0,PRESERVED_SPECIMEN,GEODETIC_DATUM_ASSUMED_WGS84;OCCURRENCE_STATUS_INFERRED_FROM_INDIVIDUAL_COUNT,GBIF
Steindachneria argentea,29.1167,-88.7167,NA,1937,4,10,85,3,PRESERVED_SPECIMEN,GEODETIC_DATUM_ASSUMED_WGS84;OCCURRENCE_STATUS_INFERRED_FROM_INDIVIDUAL_COUNT,GBIF
Steindachneria argentea,25.5667,-80.0333,NA,1937,4,17,NA,NA,PRESERVED_SPECIMEN,GEODETIC_DATUM_ASSUMED_WGS84;OCCURRENCE_STATUS_INFERRED_FROM_INDIVIDUAL_COUNT,GBIF
Steindachneria argentea,29.1167,-88.7167,NA,1937,4,10,79,0,PRESERVED_SPECIMEN,GEODETIC_DATUM_ASSUMED_WGS84;OCCURRENCE_STATUS_INFERRED_FROM_INDIVIDUAL_COUNT,GBIF
Steindachneria argentea,29.4833,-88.7667,NA,1937,4,9,36.5,7.5,PRESERVED_SPECIMEN,GEODETIC_DATUM_ASSUMED_WGS84;COUNTRY_DERIVED_FROM_COORDINATES;OCCURRENCE_STATUS_INFERRED_FROM_INDIVIDUAL_COUNT,GBIF
Steindachneria argentea,29.1167,-88.7167,NA,1937,4,10,119,9,PRESERVED_SPECIMEN,GEODETIC_DATUM_ASSUMED_WGS84;OCCURRENCE_STATUS_INFERRED_FROM_INDIVIDUAL_COUNT,GBIF
Steindachneria argentea,41.40995507,-70.60939505,32186.88,NA,NA,NA,NA,NA,PRESERVED_SPECIMEN,COORDINATE_REPROJECTED;OCCURRENCE_STATUS_INFERRED_FROM_INDIVIDUAL_COUNT,GBIF
Steindachneria argentea,29.1167,-88.7167,NA,1937,4,10,104,11,PRESERVED_SPECIMEN,GEODETIC_DATUM_ASSUMED_WGS84;OCCURRENCE_STATUS_INFERRED_FROM_INDIVIDUAL_COUNT,GBIF
Steindachneria argentea,28.447647,-80.100916,10296,1935,12,19,NA,NA,PRESERVED_SPECIMEN,OCCURRENCE_STATUS_INFERRED_FROM_INDIVIDUAL_COUNT,GBIF
Steindachneria argentea,26.1,-89.88,NA,1935,NA,NA,NA,NA,PRESERVED_SPECIMEN,GEODETIC_DATUM_ASSUMED_WGS84;COUNTRY_DERIVED_FROM_COORDINATES;OCCURRENCE_STATUS_INFERRED_FROM_INDIVIDUAL_COUNT,GBIF
Steindachneria argentea,29.212,-88.077,NA,1985,3,29,NA,NA,PRESERVED_SPECIMEN,GEODETIC_DATUM_ASSUMED_WGS84;CONTINENT_INVALID,GBIF
Steindachneria argentea,28.51556,-86.102783,NA,NA,NA,NA,NA,NA,PRESERVED_SPECIMEN,COORDINATE_ROUNDED;GEODETIC_DATUM_ASSUMED_WGS84;COUNTRY_DERIVED_FROM_COORDINATES,GBIF
Steindachneria argentea,28.57222,-89.861938,NA,NA,NA,NA,NA,NA,PRESERVED_SPECIMEN,COORDINATE_ROUNDED;GEODETIC_DATUM_ASSUMED_WGS84;COUNTRY_DERIVED_FROM_COORDINATES,GBIF
Steindachneria argentea,28.105,-90.455,NA,1985,4,6,0,NA,PRESERVED_SPECIMEN,GEODETIC_DATUM_ASSUMED_WGS84;CONTINENT_INVALID,GBIF
Steindachneria argentea,26.1667,-96.3333,NA,1977,5,24,NA,NA,PRESERVED_SPECIMEN,GEODETIC_DATUM_ASSUMED_WGS84;COUNTRY_DERIVED_FROM_COORDINATES,GBIF
Steindachneria argentea,12.4167,-82.25,NA,1962,5,23,NA,NA,PRESERVED_SPECIMEN,COORDINATE_ROUNDED;GEODETIC_DATUM_ASSUMED_WGS84;OCCURRENCE_STATUS_INFERRED_FROM_INDIVIDUAL_COUNT,GBIF
Steindachneria argentea,29.27,-87.7833,NA,1969,6,22,433,NA,PRESERVED_SPECIMEN,GEODETIC_DATUM_ASSUMED_WGS84;OCCURRENCE_STATUS_INFERRED_FROM_INDIVIDUAL_COUNT,GBIF
Steindachneria argentea,29.116301,-88.352898,935,2008,10,9,NA,NA,PRESERVED_SPECIMEN,COORDINATE_ROUNDED;GEODETIC_DATUM_ASSUMED_WGS84;OCCURRENCE_STATUS_INFERRED_FROM_INDIVIDUAL_COUNT,GBIF
Steindachneria argentea,29.1257,-88.368896,910,2008,10,8,NA,NA,PRESERVED_SPECIMEN,COORDINATE_ROUNDED;GEODETIC_DATUM_ASSUMED_WGS84;OCCURRENCE_STATUS_INFERRED_FROM_INDIVIDUAL_COUNT,GBIF
Steindachneria argentea,29.241667,-88.125,NA,1979,1,25,NA,NA,PRESERVED_SPECIMEN,COORDINATE_ROUNDED;COUNTRY_DERIVED_FROM_COORDINATES,GBIF
Steindachneria argentea,28.93,-89.55,NA,1978,10,27,NA,NA,PRESERVED_SPECIMEN,,GBIF
Steindachneria argentea,28.833333,-89.516667,NA,NA,NA,NA,NA,NA,PRESERVED_SPECIMEN,,GBIF
Steindachneria argentea,18.798333,-94.536667,NA,1999,3,12,0,0,PRESERVED_SPECIMEN,COORDINATE_ROUNDED;GEODETIC_DATUM_ASSUMED_WGS84;TYPE_STATUS_INVALID;OCCURRENCE_STATUS_INFERRED_FROM_INDIVIDUAL_COUNT,GBIF
Steindachneria argentea,23.035556,-97.4025,NA,1989,9,13,125,0,PRESERVED_SPECIMEN,COORDINATE_ROUNDED;GEODETIC_DATUM_ASSUMED_WGS84;TYPE_STATUS_INVALID;OCCURRENCE_STATUS_INFERRED_FROM_INDIVIDUAL_COUNT,GBIF
Steindachneria argentea,23.335556,-97.368333,NA,1990,12,2,0,0,PRESERVED_SPECIMEN,COORDINATE_ROUNDED;GEODETIC_DATUM_ASSUMED_WGS84;TYPE_STATUS_INVALID;OCCURRENCE_STATUS_INFERRED_FROM_INDIVIDUAL_COUNT,GBIF
Steindachneria argentea,25.668056,-96.900833,NA,1990,4,10,0,0,PRESERVED_SPECIMEN,COORDINATE_ROUNDED;GEODETIC_DATUM_ASSUMED_WGS84;TYPE_STATUS_INVALID;OCCURRENCE_STATUS_INFERRED_FROM_INDIVIDUAL_COUNT,GBIF
Steindachneria argentea,22.683611,-97.401944,NA,1990,12,2,0,0,PRESERVED_SPECIMEN,COORDINATE_ROUNDED;GEODETIC_DATUM_ASSUMED_WGS84;TYPE_STATUS_INVALID;OCCURRENCE_STATUS_INFERRED_FROM_INDIVIDUAL_COUNT,GBIF
Steindachneria argentea,29.27,-87.7833,NA,1969,6,22,433,NA,PRESERVED_SPECIMEN,GEODETIC_DATUM_ASSUMED_WGS84;OCCURRENCE_STATUS_INFERRED_FROM_INDIVIDUAL_COUNT,GBIF
Steindachneria argentea,29.17,-88.5,NA,1959,1,26,228.5,45.5,PRESERVED_SPECIMEN,GEODETIC_DATUM_ASSUMED_WGS84;OCCURRENCE_STATUS_INFERRED_FROM_INDIVIDUAL_COUNT,GBIF
Steindachneria argentea,29.12,-88.57,NA,1962,6,14,229,NA,PRESERVED_SPECIMEN,GEODETIC_DATUM_ASSUMED_WGS84;OCCURRENCE_STATUS_INFERRED_FROM_INDIVIDUAL_COUNT,GBIF
Steindachneria argentea,29.2083,-88.02,NA,1962,7,25,366,NA,PRESERVED_SPECIMEN,GEODETIC_DATUM_ASSUMED_WGS84;OCCURRENCE_STATUS_INFERRED_FROM_INDIVIDUAL_COUNT,GBIF
Steindachneria argentea,29.2417,-88.1583,NA,1885,2,11,124,0,PRESERVED_SPECIMEN,GEODETIC_DATUM_ASSUMED_WGS84;OCCURRENCE_STATUS_INFERRED_FROM_INDIVIDUAL_COUNT,GBIF
Steindachneria argentea,28.5,-89.37,NA,1959,5,21,155,NA,PRESERVED_SPECIMEN,GEODETIC_DATUM_ASSUMED_WGS84;OCCURRENCE_STATUS_INFERRED_FROM_INDIVIDUAL_COUNT,GBIF
Steindachneria argentea,27.6164,-93.0094,NA,2006,10,21,381.25,NA,PRESERVED_SPECIMEN,GEODETIC_DATUM_ASSUMED_WGS84;OCCURRENCE_STATUS_INFERRED_FROM_INDIVIDUAL_COUNT,GBIF
Steindachneria argentea,28.77,-89.3,NA,1959,5,22,110,NA,PRESERVED_SPECIMEN,GEODETIC_DATUM_ASSUMED_WGS84;OCCURRENCE_STATUS_INFERRED_FROM_INDIVIDUAL_COUNT,GBIF
Steindachneria argentea,29.17,-88.13,NA,1956,6,22,439,NA,PRESERVED_SPECIMEN,GEODETIC_DATUM_ASSUMED_WGS84;OCCURRENCE_STATUS_INFERRED_FROM_INDIVIDUAL_COUNT,GBIF
Steindachneria argentea,29.17,-88.5,NA,1959,1,26,228.5,45.5,PRESERVED_SPECIMEN,GEODETIC_DATUM_ASSUMED_WGS84;OCCURRENCE_STATUS_INFERRED_FROM_INDIVIDUAL_COUNT,GBIF
Steindachneria argentea,10.210833,-75.867833,2749.83,1995,1,1,NA,NA,PRESERVED_SPECIMEN,COORDINATE_ROUNDED;GEODETIC_DATUM_ASSUMED_WGS84;OCCURRENCE_STATUS_INFERRED_FROM_INDIVIDUAL_COUNT,GBIF
Steindachneria argentea,-13.679167,-39.193333,NA,1999,7,7,NA,NA,PRESERVED_SPECIMEN,COORDINATE_ROUNDED;GEODETIC_DATUM_INVALID;GEODETIC_DATUM_ASSUMED_WGS84;COUNTRY_DERIVED_FROM_COORDINATES;CONTINENT_INVALID;OCCURRENCE_STATUS_INFERRED_FROM_INDIVIDUAL_COUNT,GBIF
Steindachneria argentea,-20.461111,-39.635,NA,2000,7,2,NA,NA,PRESERVED_SPECIMEN,COORDINATE_ROUNDED;GEODETIC_DATUM_INVALID;GEODETIC_DATUM_ASSUMED_WGS84;CONTINENT_INVALID;OCCURRENCE_STATUS_INFERRED_FROM_INDIVIDUAL_COUNT,GBIF
Steindachneria argentea,-13.353333,-38.648333,NA,2000,6,19,NA,NA,PRESERVED_SPECIMEN,COORDINATE_ROUNDED;GEODETIC_DATUM_INVALID;GEODETIC_DATUM_ASSUMED_WGS84;CONTINENT_INVALID;OCCURRENCE_STATUS_INFERRED_FROM_INDIVIDUAL_COUNT,GBIF
Steindachneria argentea,-14.3675,-38.67,NA,2000,6,8,NA,NA,PRESERVED_SPECIMEN,GEODETIC_DATUM_INVALID;GEODETIC_DATUM_ASSUMED_WGS84;CONTINENT_INVALID;OCCURRENCE_STATUS_INFERRED_FROM_INDIVIDUAL_COUNT,GBIF
Steindachneria argentea,-13.110278,-38.423056,NA,2000,6,6,NA,NA,PRESERVED_SPECIMEN,COORDINATE_ROUNDED;GEODETIC_DATUM_INVALID;GEODETIC_DATUM_ASSUMED_WGS84;CONTINENT_INVALID;OCCURRENCE_STATUS_INFERRED_FROM_INDIVIDUAL_COUNT,GBIF
Steindachneria argentea,-13.364167,-38.680278,NA,2000,6,11,NA,NA,PRESERVED_SPECIMEN,COORDINATE_ROUNDED;GEODETIC_DATUM_INVALID;GEODETIC_DATUM_ASSUMED_WGS84;CONTINENT_INVALID;OCCURRENCE_STATUS_INFERRED_FROM_INDIVIDUAL_COUNT,GBIF
Steindachneria argentea,-13.148333,-38.478056,NA,2000,6,19,NA,NA,PRESERVED_SPECIMEN,COORDINATE_ROUNDED;GEODETIC_DATUM_INVALID;GEODETIC_DATUM_ASSUMED_WGS84;CONTINENT_INVALID;OCCURRENCE_STATUS_INFERRED_FROM_INDIVIDUAL_COUNT,GBIF
Steindachneria argentea,-15.711389,-38.621667,NA,2000,6,12,NA,NA,PRESERVED_SPECIMEN,COORDINATE_ROUNDED;GEODETIC_DATUM_INVALID;GEODETIC_DATUM_ASSUMED_WGS84;CONTINENT_INVALID;OCCURRENCE_STATUS_INFERRED_FROM_INDIVIDUAL_COUNT,GBIF
Steindachneria argentea,-19.710556,-39.438611,NA,2000,6,30,NA,NA,PRESERVED_SPECIMEN,COORDINATE_ROUNDED;GEODETIC_DATUM_INVALID;GEODETIC_DATUM_ASSUMED_WGS84;CONTINENT_INVALID;OCCURRENCE_STATUS_INFERRED_FROM_INDIVIDUAL_COUNT,GBIF
Steindachneria argentea,-13.455,-38.721389,NA,2000,6,21,NA,NA,PRESERVED_SPECIMEN,COORDINATE_ROUNDED;GEODETIC_DATUM_INVALID;GEODETIC_DATUM_ASSUMED_WGS84;CONTINENT_INVALID;OCCURRENCE_STATUS_INFERRED_FROM_INDIVIDUAL_COUNT,GBIF
Steindachneria argentea,-14.473056,-38.873333,NA,2000,6,9,NA,NA,PRESERVED_SPECIMEN,COORDINATE_ROUNDED;GEODETIC_DATUM_INVALID;GEODETIC_DATUM_ASSUMED_WGS84;CONTINENT_INVALID;OCCURRENCE_STATUS_INFERRED_FROM_INDIVIDUAL_COUNT,GBIF
Steindachneria argentea,-15.808333,-38.587778,NA,2000,6,12,NA,NA,PRESERVED_SPECIMEN,COORDINATE_ROUNDED;GEODETIC_DATUM_INVALID;GEODETIC_DATUM_ASSUMED_WGS84;CONTINENT_INVALID;OCCURRENCE_STATUS_INFERRED_FROM_INDIVIDUAL_COUNT,GBIF
Steindachneria argentea,29.0931,-88.496417,NA,2004,7,30,NA,NA,PRESERVED_SPECIMEN,COORDINATE_ROUNDED;GEODETIC_DATUM_ASSUMED_WGS84;CONTINENT_INVALID,GBIF
Steindachneria argentea,29.0931,-88.496417,NA,2004,7,30,NA,NA,PRESERVED_SPECIMEN,COORDINATE_ROUNDED;GEODETIC_DATUM_ASSUMED_WGS84;CONTINENT_INVALID,GBIF
Steindachneria argentea,29.654196,-88.004608,50000,1981,11,19,NA,NA,PRESERVED_SPECIMEN,,GBIF
Steindachneria argentea,28.86667,-89.35,1543,1974,6,4,NA,NA,PRESERVED_SPECIMEN,,GBIF
Steindachneria argentea,28.81667,-89.73333,1543,1975,7,16,NA,NA,PRESERVED_SPECIMEN,,GBIF
Steindachneria argentea,28.573,-89.384,NA,1985,4,7,NA,NA,PRESERVED_SPECIMEN,GEODETIC_DATUM_ASSUMED_WGS84;CONTINENT_INVALID,GBIF
Steindachneria argentea,27.527,-93.218,NA,1972,10,9,NA,NA,PRESERVED_SPECIMEN,GEODETIC_DATUM_ASSUMED_WGS84;CONTINENT_INVALID,GBIF
Steindachneria argentea,11.483333,-73.633333,NA,1979,10,27,NA,NA,PRESERVED_SPECIMEN,COORDINATE_ROUNDED;GEODETIC_DATUM_ASSUMED_WGS84,GBIF
Steindachneria argentea,29.033333,-88.575,NA,1950,9,23,357,0,PRESERVED_SPECIMEN,COORDINATE_ROUNDED;GEODETIC_DATUM_ASSUMED_WGS84,GBIF
Steindachneria argentea,29.15,-88.183333,NA,1961,10,8,411,0,PRESERVED_SPECIMEN,COORDINATE_ROUNDED;GEODETIC_DATUM_ASSUMED_WGS84,GBIF
Steindachneria argentea,9.3,-80.433333,NA,1962,5,29,82,0,PRESERVED_SPECIMEN,COORDINATE_ROUNDED;GEODETIC_DATUM_ASSUMED_WGS84,GBIF
Steindachneria argentea,9.683333,-59.783333,NA,1957,11,3,274,0,PRESERVED_SPECIMEN,COORDINATE_ROUNDED;GEODETIC_DATUM_ASSUMED_WGS84,GBIF
Steindachneria argentea,12.516667,-82.35,NA,1962,5,23,366,0,PRESERVED_SPECIMEN,COORDINATE_ROUNDED;GEODETIC_DATUM_ASSUMED_WGS84,GBIF
Steindachneria argentea,12.583333,-82.316667,NA,1962,5,23,457,0,PRESERVED_SPECIMEN,COORDINATE_ROUNDED;GEODETIC_DATUM_ASSUMED_WGS84,GBIF
Steindachneria argentea,28.833333,-89.55,NA,1951,5,7,79,0,PRESERVED_SPECIMEN,COORDINATE_ROUNDED;GEODETIC_DATUM_ASSUMED_WGS84,GBIF
Steindachneria argentea,29.118056,-88.834722,NA,1950,9,12,84,0,PRESERVED_SPECIMEN,COORDINATE_ROUNDED;GEODETIC_DATUM_ASSUMED_WGS84,GBIF
Steindachneria argentea,12.383333,-82.483333,NA,1962,6,2,366,0,PRESERVED_SPECIMEN,COORDINATE_ROUNDED;GEODETIC_DATUM_ASSUMED_WGS84,GBIF
Steindachneria argentea,27.823333,-85.115,NA,1989,2,14,NA,NA,PRESERVED_SPECIMEN,COORDINATE_ROUNDED;COUNTRY_DERIVED_FROM_COORDINATES,GBIF
Steindachneria argentea,29.183333,-88.033333,NA,1956,6,22,NA,NA,PRESERVED_SPECIMEN,COORDINATE_ROUNDED;COUNTRY_DERIVED_FROM_COORDINATES,GBIF
Steindachneria argentea,29.183889,-88.262222,NA,1989,2,19,NA,NA,PRESERVED_SPECIMEN,COORDINATE_ROUNDED;COUNTRY_DERIVED_FROM_COORDINATES,GBIF
Steindachneria argentea,29.086667,-88.866667,NA,1986,7,15,86.5,4.5,PRESERVED_SPECIMEN,COORDINATE_ROUNDED,GBIF
Steindachneria argentea,29.075266,-95.062912,46500,1962,NA,NA,NA,NA,PRESERVED_SPECIMEN,,GBIF
Steindachneria argentea,29.23333,-88.03333,NA,1984,11,12,NA,NA,PRESERVED_SPECIMEN,,GBIF
Steindachneria argentea,29.16667,-88.11667,NA,1984,11,12,NA,NA,PRESERVED_SPECIMEN,,GBIF
Steindachneria argentea,29.16667,-88.28333,NA,1984,11,12,NA,NA,PRESERVED_SPECIMEN,,GBIF
Steindachneria argentea,28.58333,-89.5,NA,1984,3,19,NA,NA,PRESERVED_SPECIMEN,,GBIF
Steindachneria argentea,29.25,-88.01667,NA,1984,4,11,NA,NA,PRESERVED_SPECIMEN,,GBIF
Steindachneria argentea,29.2,-87.88333,NA,1984,11,13,NA,NA,PRESERVED_SPECIMEN,,GBIF
Steindachneria argentea,28.7,-90.16667,NA,1984,10,27,NA,NA,PRESERVED_SPECIMEN,,GBIF
Steindachneria argentea,29.13333,-88.26667,NA,1984,4,10,NA,NA,PRESERVED_SPECIMEN,,GBIF
Steindachneria argentea,27.88333,-94.03333,NA,1981,1,24,NA,NA,PRESERVED_SPECIMEN,MODIFIED_DATE_UNLIKELY,GBIF
Steindachneria argentea,27.816667,-85.2,NA,1970,8,27,NA,NA,PRESERVED_SPECIMEN,COORDINATE_ROUNDED,GBIF
Steindachneria argentea,27.016667,-84.866667,NA,1970,8,21,NA,NA,PRESERVED_SPECIMEN,COORDINATE_ROUNDED,GBIF
Steindachneria argentea,29.583333,-91.85,NA,1968,2,3,NA,NA,PRESERVED_SPECIMEN,COORDINATE_ROUNDED;PRESUMED_NEGATED_LONGITUDE,GBIF
Steindachneria argentea,29.583333,-91.85,NA,1967,8,29,NA,NA,PRESERVED_SPECIMEN,COORDINATE_ROUNDED;PRESUMED_NEGATED_LONGITUDE,GBIF
Steindachneria argentea,29.216667,-87.951389,NA,1962,8,22,NA,NA,PRESERVED_SPECIMEN,COORDINATE_ROUNDED,GBIF
Steindachneria argentea,29.283333,-87.683333,NA,1962,8,27,NA,NA,PRESERVED_SPECIMEN,COORDINATE_ROUNDED,GBIF
Steindachneria argentea,29.216667,-87.916667,NA,1962,8,8,NA,NA,PRESERVED_SPECIMEN,COORDINATE_ROUNDED,GBIF
Steindachneria argentea,28.6,-89.8,NA,1961,8,20,NA,NA,PRESERVED_SPECIMEN,,GBIF
Steindachneria argentea,28.258333,-89.841667,NA,1961,8,21,NA,NA,PRESERVED_SPECIMEN,COORDINATE_ROUNDED,GBIF
Steindachneria argentea,29.22245,-87.872283,NA,2004,8,2,NA,NA,PRESERVED_SPECIMEN,COORDINATE_ROUNDED;GEODETIC_DATUM_ASSUMED_WGS84;CONTINENT_INVALID,GBIF
Steindachneria argentea,29.32145,-87.774883,NA,2003,6,15,NA,NA,PRESERVED_SPECIMEN,COORDINATE_ROUNDED;GEODETIC_DATUM_ASSUMED_WGS84;CONTINENT_INVALID,GBIF
Steindachneria argentea,29.249317,-88.337517,NA,2003,6,12,NA,NA,PRESERVED_SPECIMEN,COORDINATE_ROUNDED;GEODETIC_DATUM_ASSUMED_WGS84;CONTINENT_INVALID,GBIF
Steindachneria argentea,29.231,-88.337667,NA,2000,3,7,NA,NA,PRESERVED_SPECIMEN,COORDINATE_ROUNDED;GEODETIC_DATUM_ASSUMED_WGS84;CONTINENT_INVALID,GBIF
Steindachneria argentea,29.516667,-87.383333,NA,1975,10,19,NA,NA,PRESERVED_SPECIMEN,COORDINATE_ROUNDED;GEODETIC_DATUM_ASSUMED_WGS84;COUNTRY_DERIVED_FROM_COORDINATES;OCCURRENCE_STATUS_INFERRED_FROM_INDIVIDUAL_COUNT,GBIF
Steindachneria argentea,29.2,-88.016667,NA,1962,7,25,NA,NA,PRESERVED_SPECIMEN,COORDINATE_ROUNDED;GEODETIC_DATUM_ASSUMED_WGS84;COUNTRY_DERIVED_FROM_COORDINATES;OCCURRENCE_STATUS_INFERRED_FROM_INDIVIDUAL_COUNT,GBIF
Steindachneria argentea,7.566667,-54.216667,NA,1963,3,24,NA,NA,PRESERVED_SPECIMEN,COORDINATE_ROUNDED;GEODETIC_DATUM_ASSUMED_WGS84;OCCURRENCE_STATUS_INFERRED_FROM_INDIVIDUAL_COUNT,GBIF
Steindachneria argentea,38.3741,-70.930652,122696,2006,1,1,183,0,PRESERVED_SPECIMEN,TYPE_STATUS_INVALID;OCCURRENCE_STATUS_INFERRED_FROM_INDIVIDUAL_COUNT,GBIF
Steindachneria argentea,10.801389,-65.265278,NA,1997,12,15,NA,NA,PRESERVED_SPECIMEN,COORDINATE_ROUNDED;GEODETIC_DATUM_INVALID;GEODETIC_DATUM_ASSUMED_WGS84;COORDINATE_UNCERTAINTY_METERS_INVALID;OCCURRENCE_STATUS_INFERRED_FROM_INDIVIDUAL_COUNT,GBIF
Steindachneria argentea,35.856667,-74.86,NA,2000,5,27,142,0,PRESERVED_SPECIMEN,COORDINATE_ROUNDED;GEODETIC_DATUM_INVALID;GEODETIC_DATUM_ASSUMED_WGS84;COORDINATE_UNCERTAINTY_METERS_INVALID;COUNTRY_DERIVED_FROM_COORDINATES;TYPE_STATUS_INVALID;OCCURRENCE_STATUS_INFERRED_FROM_INDIVIDUAL_COUNT,GBIF
Steindachneria argentea,10.508333,-85.258333,115000,1973,12,6,NA,NA,PRESERVED_SPECIMEN,COORDINATE_ROUNDED;GEODETIC_DATUM_INVALID;GEODETIC_DATUM_ASSUMED_WGS84;COUNTRY_DERIVED_FROM_COORDINATES;OCCURRENCE_STATUS_INFERRED_FROM_INDIVIDUAL_COUNT,GBIF
Steindachneria argentea,7.741667,-56.875,115000,1957,11,6,365.76,0,PRESERVED_SPECIMEN,COORDINATE_ROUNDED;GEODETIC_DATUM_INVALID;GEODETIC_DATUM_ASSUMED_WGS84;OCCURRENCE_STATUS_INFERRED_FROM_INDIVIDUAL_COUNT,GBIF
Steindachneria argentea,29.158333,-88.191667,115000,1961,10,8,411.48,0,PRESERVED_SPECIMEN,COORDINATE_ROUNDED;GEODETIC_DATUM_INVALID;GEODETIC_DATUM_ASSUMED_WGS84;OCCURRENCE_STATUS_INFERRED_FROM_INDIVIDUAL_COUNT,GBIF
Steindachneria argentea,10.5175,-64.600556,NA,1962,5,6,300,300,PRESERVED_SPECIMEN,COORDINATE_ROUNDED;GEODETIC_DATUM_INVALID;GEODETIC_DATUM_ASSUMED_WGS84;COORDINATE_UNCERTAINTY_METERS_INVALID;OCCURRENCE_STATUS_INFERRED_FROM_INDIVIDUAL_COUNT,GBIF
Steindachneria argentea,29.041667,-88.575,115000,1962,10,27,NA,NA,PRESERVED_SPECIMEN,COORDINATE_ROUNDED;GEODETIC_DATUM_INVALID;GEODETIC_DATUM_ASSUMED_WGS84;OCCURRENCE_STATUS_INFERRED_FROM_INDIVIDUAL_COUNT,GBIF
Steindachneria argentea,29.191667,-88.191667,NA,1962,11,23,274.32,0,PRESERVED_SPECIMEN,COORDINATE_ROUNDED;GEODETIC_DATUM_INVALID;GEODETIC_DATUM_ASSUMED_WGS84;COORDINATE_UNCERTAINTY_METERS_INVALID;OCCURRENCE_STATUS_INFERRED_FROM_INDIVIDUAL_COUNT,GBIF
Steindachneria argentea,10.5175,-64.600556,NA,1962,5,6,300,300,PRESERVED_SPECIMEN,COORDINATE_ROUNDED;GEODETIC_DATUM_INVALID;GEODETIC_DATUM_ASSUMED_WGS84;COORDINATE_UNCERTAINTY_METERS_INVALID;OCCURRENCE_STATUS_INFERRED_FROM_INDIVIDUAL_COUNT,GBIF
Steindachneria argentea,6.539722,-67.39584,NA,1994,5,20,1.5,0.5,PRESERVED_SPECIMEN,,GBIF
Steindachneria argentea,28.65833,-90.11166,NA,1998,7,14,80,0,PRESERVED_SPECIMEN,COUNTRY_DERIVED_FROM_COORDINATES,GBIF
Steindachneria argentea,28.4,-85.98333,NA,1971,6,25,439,0,PRESERVED_SPECIMEN,COUNTRY_DERIVED_FROM_COORDINATES,GBIF
Steindachneria argentea,28.4,-85.98333,NA,1971,6,25,439,0,PRESERVED_SPECIMEN,COUNTRY_DERIVED_FROM_COORDINATES,GBIF
Steindachneria argentea,28.55,-86.15,NA,1971,6,25,366,0,PRESERVED_SPECIMEN,COUNTRY_DERIVED_FROM_COORDINATES,GBIF
Steindachneria argentea,18.88333,-95.08334,NA,1970,6,5,357,0,PRESERVED_SPECIMEN,,GBIF
Steindachneria argentea,27.71611,-92.86806,NA,1985,6,7,368.5,24.5,PRESERVED_SPECIMEN,,GBIF
Steindachneria argentea,28.21861,-85.56555,NA,1985,5,15,350,3,PRESERVED_SPECIMEN,DEPTH_MIN_MAX_SWAPPED,GBIF
Steindachneria argentea,28.47972,-86.40667,NA,1985,5,14,351,0,PRESERVED_SPECIMEN,,GBIF
Steindachneria argentea,28.03833,-90.24667,NA,1984,11,10,346,20,PRESERVED_SPECIMEN,,GBIF
Steindachneria argentea,28.07333,-90.29166,NA,1984,4,11,329,0,PRESERVED_SPECIMEN,,GBIF
Steindachneria argentea,29.08639,-88.815,NA,1987,10,4,115,0,PRESERVED_SPECIMEN,,GBIF
Steindachneria argentea,28.66833,-89.24167,NA,1978,4,26,64,0,PRESERVED_SPECIMEN,COUNTRY_DERIVED_FROM_COORDINATES,GBIF
Steindachneria argentea,23.90833,-97.22833,NA,1971,8,3,166,0,PRESERVED_SPECIMEN,COUNTRY_DERIVED_FROM_COORDINATES,GBIF
Steindachneria argentea,29.19167,-88.21,NA,1969,10,15,311,0,PRESERVED_SPECIMEN,COUNTRY_DERIVED_FROM_COORDINATES,GBIF
Steindachneria argentea,26.76667,-96.43333,NA,1971,7,16,229,0,PRESERVED_SPECIMEN,COUNTRY_DERIVED_FROM_COORDINATES,GBIF
Steindachneria argentea,26.20833,-96.33,NA,1968,11,15,274,0,PRESERVED_SPECIMEN,COUNTRY_DERIVED_FROM_COORDINATES,GBIF
Steindachneria argentea,29.23333,-88.25,NA,1969,10,15,183,0,PRESERVED_SPECIMEN,COUNTRY_DERIVED_FROM_COORDINATES,GBIF
Steindachneria argentea,29.23333,-87.85,NA,1982,10,31,406,0,PRESERVED_SPECIMEN,COUNTRY_DERIVED_FROM_COORDINATES,GBIF
Steindachneria argentea,29.28167,-88.99167,NA,1980,4,10,22,0,PRESERVED_SPECIMEN,COUNTRY_DERIVED_FROM_COORDINATES,GBIF
Steindachneria argentea,28.57222,-89.86195,NA,2000,6,17,460.5,40.5,PRESERVED_SPECIMEN,,GBIF
Steindachneria argentea,28.51556,-86.10278,NA,2000,6,10,2067.5,62.5,PRESERVED_SPECIMEN,,GBIF
Steindachneria argentea,28.08361,-90.25195,NA,2000,5,30,315,5,PRESERVED_SPECIMEN,,GBIF
Steindachneria argentea,29.3333,-87.7,NA,1951,2,16,185,NA,PRESERVED_SPECIMEN,GEODETIC_DATUM_ASSUMED_WGS84;OCCURRENCE_STATUS_INFERRED_FROM_INDIVIDUAL_COUNT,GBIF
Steindachneria argentea,29.2333,-87.8833,NA,1957,9,24,457,NA,PRESERVED_SPECIMEN,GEODETIC_DATUM_ASSUMED_WGS84;OCCURRENCE_STATUS_INFERRED_FROM_INDIVIDUAL_COUNT,GBIF
Steindachneria argentea,29.0833,-88.5167,NA,1951,9,6,384,55,PRESERVED_SPECIMEN,GEODETIC_DATUM_ASSUMED_WGS84;OCCURRENCE_STATUS_INFERRED_FROM_INDIVIDUAL_COUNT,GBIF
Steindachneria argentea,29.1833,-88.0333,NA,1956,6,22,439,NA,PRESERVED_SPECIMEN,GEODETIC_DATUM_ASSUMED_WGS84;OCCURRENCE_STATUS_INFERRED_FROM_INDIVIDUAL_COUNT,GBIF
Steindachneria argentea,24.4667,-83.5167,NA,1959,10,15,366,NA,PRESERVED_SPECIMEN,GEODETIC_DATUM_ASSUMED_WGS84;COUNTRY_DERIVED_FROM_COORDINATES;OCCURRENCE_STATUS_INFERRED_FROM_INDIVIDUAL_COUNT,GBIF
Steindachneria argentea,18.4333,-67.1917,NA,1959,10,7,320,NA,PRESERVED_SPECIMEN,GEODETIC_DATUM_ASSUMED_WGS84;COUNTRY_DERIVED_FROM_COORDINATES;OCCURRENCE_STATUS_INFERRED_FROM_INDIVIDUAL_COUNT,GBIF
Steindachneria argentea,28.5333,-92.8833,NA,1957,3,9,46,NA,PRESERVED_SPECIMEN,GEODETIC_DATUM_ASSUMED_WGS84;OCCURRENCE_STATUS_INFERRED_FROM_INDIVIDUAL_COUNT,GBIF
Steindachneria argentea,29.15,-88.55,NA,1950,8,2,201,NA,PRESERVED_SPECIMEN,GEODETIC_DATUM_ASSUMED_WGS84;COUNTRY_DERIVED_FROM_COORDINATES;OCCURRENCE_STATUS_INFERRED_FROM_INDIVIDUAL_COUNT,GBIF
Steindachneria argentea,29.1917,-88.125,NA,1951,6,21,365.5,18.5,PRESERVED_SPECIMEN,GEODETIC_DATUM_ASSUMED_WGS84;COUNTRY_DERIVED_FROM_COORDINATES;OCCURRENCE_STATUS_INFERRED_FROM_INDIVIDUAL_COUNT,GBIF
Steindachneria argentea,9.8833,-59.8833,NA,1957,11,3,229,NA,PRESERVED_SPECIMEN,GEODETIC_DATUM_ASSUMED_WGS84;COUNTRY_DERIVED_FROM_COORDINATES;OCCURRENCE_STATUS_INFERRED_FROM_INDIVIDUAL_COUNT,GBIF
Steindachneria argentea,29.0167,-88.5,NA,1950,8,2,424,NA,PRESERVED_SPECIMEN,GEODETIC_DATUM_ASSUMED_WGS84;COUNTRY_DERIVED_FROM_COORDINATES;TAXON_MATCH_FUZZY;OCCURRENCE_STATUS_INFERRED_FROM_INDIVIDUAL_COUNT,GBIF
Steindachneria argentea,18.2167,-67.35,NA,1959,10,6,366,NA,PRESERVED_SPECIMEN,GEODETIC_DATUM_ASSUMED_WGS84;OCCURRENCE_STATUS_INFERRED_FROM_INDIVIDUAL_COUNT,GBIF
Steindachneria argentea,18.3167,-67.2917,NA,1959,10,6,549,NA,PRESERVED_SPECIMEN,GEODETIC_DATUM_ASSUMED_WGS84;COUNTRY_DERIVED_FROM_COORDINATES;OCCURRENCE_STATUS_INFERRED_FROM_INDIVIDUAL_COUNT,GBIF
Steindachneria argentea,29.1667,-88.8667,NA,1952,8,10,66,NA,PRESERVED_SPECIMEN,GEODETIC_DATUM_ASSUMED_WGS84;COUNTRY_DERIVED_FROM_COORDINATES;OCCURRENCE_STATUS_INFERRED_FROM_INDIVIDUAL_COUNT,GBIF
Steindachneria argentea,7.45,-54.9,NA,1958,9,8,260.5,13.5,PRESERVED_SPECIMEN,GEODETIC_DATUM_ASSUMED_WGS84;OCCURRENCE_STATUS_INFERRED_FROM_INDIVIDUAL_COUNT,GBIF
Steindachneria argentea,9.6833,-59.7833,NA,1957,11,3,274,NA,PRESERVED_SPECIMEN,GEODETIC_DATUM_ASSUMED_WGS84;COUNTRY_DERIVED_FROM_COORDINATES;OCCURRENCE_STATUS_INFERRED_FROM_INDIVIDUAL_COUNT,GBIF
Steindachneria argentea,29.1667,-88.5,NA,1959,1,26,59.5,13.5,PRESERVED_SPECIMEN,GEODETIC_DATUM_ASSUMED_WGS84;OCCURRENCE_STATUS_INFERRED_FROM_INDIVIDUAL_COUNT,GBIF
Steindachneria argentea,18.4333,-67.175,NA,1959,10,6,274,NA,PRESERVED_SPECIMEN,GEODETIC_DATUM_ASSUMED_WGS84;COUNTRY_DERIVED_FROM_COORDINATES;OCCURRENCE_STATUS_INFERRED_FROM_INDIVIDUAL_COUNT,GBIF
Steindachneria argentea,17.6667,-63.6667,NA,1959,9,30,676.5,18.5,PRESERVED_SPECIMEN,GEODETIC_DATUM_ASSUMED_WGS84;OCCURRENCE_STATUS_INFERRED_FROM_INDIVIDUAL_COUNT,GBIF
Steindachneria argentea,17.7833,-66.0667,NA,1959,10,4,420.5,18.5,PRESERVED_SPECIMEN,GEODETIC_DATUM_ASSUMED_WGS84;OCCURRENCE_STATUS_INFERRED_FROM_INDIVIDUAL_COUNT,GBIF
Steindachneria argentea,12.8667,-82.1833,NA,1957,9,13,457,NA,PRESERVED_SPECIMEN,GEODETIC_DATUM_ASSUMED_WGS84;OCCURRENCE_STATUS_INFERRED_FROM_INDIVIDUAL_COUNT,GBIF
Steindachneria argentea,29.2917,-87.6667,NA,1951,2,16,352,14,PRESERVED_SPECIMEN,GEODETIC_DATUM_ASSUMED_WGS84;COUNTRY_DERIVED_FROM_COORDINATES;OCCURRENCE_STATUS_INFERRED_FROM_INDIVIDUAL_COUNT,GBIF
Steindachneria argentea,18.625,-64.95,NA,1959,9,26,402,NA,PRESERVED_SPECIMEN,GEODETIC_DATUM_ASSUMED_WGS84;OCCURRENCE_STATUS_INFERRED_FROM_INDIVIDUAL_COUNT,GBIF
Steindachneria argentea,9.75,-59.75,NA,1957,11,3,366,NA,PRESERVED_SPECIMEN,GEODETIC_DATUM_ASSUMED_WGS84;COUNTRY_DERIVED_FROM_COORDINATES;OCCURRENCE_STATUS_INFERRED_FROM_INDIVIDUAL_COUNT,GBIF
Steindachneria argentea,29.1397,-88.4197,NA,2001,11,19,275,NA,PRESERVED_SPECIMEN,CONTINENT_INVALID,GBIF
Steindachneria argentea,35.8567,-74.86,NA,2000,5,27,142,NA,MATERIAL_SAMPLE,CONTINENT_INVALID,GBIF
Steindachneria argentea,38.3741,-70.930652,122696,2006,NA,NA,NA,NA,MATERIAL_SAMPLE,CONTINENT_INVALID,GBIF
Steindachneria argentea,29.1397,-88.4197,NA,2001,11,19,275,NA,MATERIAL_SAMPLE,CONTINENT_INVALID,GBIF
Steindachneria argentea,38.3741,-70.930652,122696,2006,NA,NA,NA,NA,MATERIAL_SAMPLE,CONTINENT_INVALID,GBIF
Steindachneria argentea,29.1,-88.5,NA,1951,9,6,0,NA,PRESERVED_SPECIMEN,GEODETIC_DATUM_ASSUMED_WGS84;CONTINENT_INVALID,GBIF
Steindachneria argentea,11.583333,-62.616667,NA,1960,4,19,0,NA,PRESERVED_SPECIMEN,COORDINATE_ROUNDED;GEODETIC_DATUM_ASSUMED_WGS84,GBIF
Steindachneria argentea,9.95,-76.176667,NA,1966,7,14,223,17,PRESERVED_SPECIMEN,COORDINATE_ROUNDED;GEODETIC_DATUM_ASSUMED_WGS84;DEPTH_MIN_MAX_SWAPPED;DEPTH_NON_NUMERIC,GBIF
Steindachneria argentea,28.6,-89.8,NA,1961,8,21,0,NA,PRESERVED_SPECIMEN,GEODETIC_DATUM_ASSUMED_WGS84;CONTINENT_INVALID,GBIF
Steindachneria argentea,24.783333,-80.683333,NA,1960,10,26,20.5,0.5,PRESERVED_SPECIMEN,COORDINATE_ROUNDED;GEODETIC_DATUM_ASSUMED_WGS84;CONTINENT_INVALID;DEPTH_NON_NUMERIC,GBIF
Steindachneria argentea,11.6,-62.866667,NA,1960,4,20,0,NA,PRESERVED_SPECIMEN,COORDINATE_ROUNDED;GEODETIC_DATUM_ASSUMED_WGS84,GBIF
Steindachneria argentea,18.433333,-67.175,NA,1959,10,6,75,75,PRESERVED_SPECIMEN,COORDINATE_ROUNDED;GEODETIC_DATUM_ASSUMED_WGS84;DEPTH_MIN_MAX_SWAPPED;DEPTH_NON_NUMERIC,GBIF
Steindachneria argentea,28.45,-89.191667,NA,1959,5,21,0,NA,PRESERVED_SPECIMEN,COORDINATE_ROUNDED;GEODETIC_DATUM_ASSUMED_WGS84;CONTINENT_INVALID,GBIF
Steindachneria argentea,24.466667,-83.483333,NA,1956,6,18,106,106,PRESERVED_SPECIMEN,COORDINATE_ROUNDED;GEODETIC_DATUM_ASSUMED_WGS84;CONTINENT_INVALID;DEPTH_MIN_MAX_SWAPPED;DEPTH_NON_NUMERIC,GBIF
Steindachneria argentea,28.883333,-89.216667,NA,1952,9,29,NA,NA,PRESERVED_SPECIMEN,COORDINATE_ROUNDED;GEODETIC_DATUM_ASSUMED_WGS84;CONTINENT_INVALID,GBIF
Steindachneria argentea,29.166667,-88.333333,NA,1952,9,19,NA,NA,PRESERVED_SPECIMEN,COORDINATE_ROUNDED;GEODETIC_DATUM_ASSUMED_WGS84;CONTINENT_INVALID,GBIF
Steindachneria argentea,29.15,-88.2,NA,1956,6,23,0,NA,PRESERVED_SPECIMEN,GEODETIC_DATUM_ASSUMED_WGS84;CONTINENT_INVALID,GBIF
Steindachneria argentea,28.663333,-86.796667,NA,1985,5,1,173,NA,PRESERVED_SPECIMEN,COORDINATE_ROUNDED;GEODETIC_DATUM_ASSUMED_WGS84;CONTINENT_INVALID;DEPTH_NON_NUMERIC,GBIF
Steindachneria argentea,-14.473056,-38.873333,NA,2000,6,9,NA,NA,PRESERVED_SPECIMEN,COORDINATE_ROUNDED;GEODETIC_DATUM_ASSUMED_WGS84;CONTINENT_INVALID,GBIF
Steindachneria argentea,30.25,-80.233333,NA,1970,5,17,0,NA,PRESERVED_SPECIMEN,COORDINATE_ROUNDED;GEODETIC_DATUM_ASSUMED_WGS84;CONTINENT_INVALID,GBIF
Steindachneria argentea,29.6,-87.45,NA,1977,9,8,NA,NA,PRESERVED_SPECIMEN,GEODETIC_DATUM_ASSUMED_WGS84;CONTINENT_INVALID,GBIF
Steindachneria argentea,28.766667,-89.816667,NA,1975,7,16,NA,NA,PRESERVED_SPECIMEN,COORDINATE_ROUNDED;GEODETIC_DATUM_ASSUMED_WGS84;CONTINENT_INVALID,GBIF
Steindachneria argentea,28.691667,-90.003333,NA,1975,11,6,NA,NA,PRESERVED_SPECIMEN,COORDINATE_ROUNDED;GEODETIC_DATUM_ASSUMED_WGS84;CONTINENT_INVALID,GBIF
Steindachneria argentea,24.295333,-82.7415,NA,1998,5,3,152,4,PRESERVED_SPECIMEN,COORDINATE_ROUNDED;GEODETIC_DATUM_ASSUMED_WGS84;CONTINENT_INVALID;DEPTH_NON_NUMERIC,GBIF
Steindachneria argentea,29.333333,-87.716667,NA,1971,4,9,0,NA,PRESERVED_SPECIMEN,COORDINATE_ROUNDED;GEODETIC_DATUM_ASSUMED_WGS84;CONTINENT_INVALID,GBIF
Steindachneria argentea,29.083333,-88.666667,NA,1970,10,12,0,NA,PRESERVED_SPECIMEN,COORDINATE_ROUNDED;GEODETIC_DATUM_ASSUMED_WGS84;CONTINENT_INVALID,GBIF
Steindachneria argentea,28.016667,-90.275,NA,1964,2,21,0,NA,PRESERVED_SPECIMEN,COORDINATE_ROUNDED;GEODETIC_DATUM_ASSUMED_WGS84;CONTINENT_INVALID,GBIF
Steindachneria argentea,27.616667,-93.366667,NA,1964,1,19,0,NA,PRESERVED_SPECIMEN,COORDINATE_ROUNDED;GEODETIC_DATUM_ASSUMED_WGS84;CONTINENT_INVALID,GBIF
Steindachneria argentea,11.4,-73.783333,NA,1968,12,5,0,NA,PRESERVED_SPECIMEN,COORDINATE_ROUNDED;GEODETIC_DATUM_ASSUMED_WGS84,GBIF
Steindachneria argentea,27.75,-93.933333,NA,1964,1,18,0,NA,PRESERVED_SPECIMEN,COORDINATE_ROUNDED;GEODETIC_DATUM_ASSUMED_WGS84;CONTINENT_INVALID,GBIF
Steindachneria argentea,27.65,-93.758333,NA,1964,1,18,0,NA,PRESERVED_SPECIMEN,COORDINATE_ROUNDED;GEODETIC_DATUM_ASSUMED_WGS84;CONTINENT_INVALID,GBIF
Steindachneria argentea,29.183333,-88.108333,NA,1962,8,7,0,NA,PRESERVED_SPECIMEN,COORDINATE_ROUNDED;GEODETIC_DATUM_ASSUMED_WGS84;CONTINENT_INVALID,GBIF
Steindachneria argentea,27.75,-93.933333,NA,1964,1,18,0,NA,PRESERVED_SPECIMEN,COORDINATE_ROUNDED;GEODETIC_DATUM_ASSUMED_WGS84;CONTINENT_INVALID,GBIF
Steindachneria argentea,23.333333,-97.266667,NA,1970,6,1,0,NA,PRESERVED_SPECIMEN,COORDINATE_ROUNDED;GEODETIC_DATUM_ASSUMED_WGS84;CONTINENT_INVALID,GBIF
Steindachneria argentea,11.5,-60.766667,NA,1964,9,22,0,NA,PRESERVED_SPECIMEN,COORDINATE_ROUNDED;GEODETIC_DATUM_ASSUMED_WGS84;CONTINENT_INVALID,GBIF
Steindachneria argentea,10.416667,-65.7,NA,1963,10,17,0,NA,PRESERVED_SPECIMEN,COORDINATE_ROUNDED;GEODETIC_DATUM_ASSUMED_WGS84,GBIF
Steindachneria argentea,27.7,-94.433333,NA,1964,1,20,0,NA,PRESERVED_SPECIMEN,COORDINATE_ROUNDED;GEODETIC_DATUM_ASSUMED_WGS84;CONTINENT_INVALID,GBIF
Steindachneria argentea,11.5,-60.766667,NA,1964,9,22,0,NA,PRESERVED_SPECIMEN,COORDINATE_ROUNDED;GEODETIC_DATUM_ASSUMED_WGS84;CONTINENT_INVALID,GBIF
Steindachneria argentea,29.1,-88.45,NA,1964,3,31,0,NA,PRESERVED_SPECIMEN,GEODETIC_DATUM_ASSUMED_WGS84;CONTINENT_INVALID,GBIF
Steindachneria argentea,19.958333,-71.083333,NA,1963,10,14,170,20,PRESERVED_SPECIMEN,COORDINATE_ROUNDED;GEODETIC_DATUM_ASSUMED_WGS84;CONTINENT_INVALID;DEPTH_NON_NUMERIC,GBIF
Steindachneria argentea,27.65,-93.758333,NA,1964,1,18,0,NA,PRESERVED_SPECIMEN,COORDINATE_ROUNDED;GEODETIC_DATUM_ASSUMED_WGS84;CONTINENT_INVALID,GBIF
Steindachneria argentea,28.883333,-89.55,NA,1953,10,24,0,NA,PRESERVED_SPECIMEN,COORDINATE_ROUNDED;GEODETIC_DATUM_ASSUMED_WGS84;CONTINENT_INVALID,GBIF
Steindachneria argentea,9.216667,-80.716667,NA,1962,5,30,0,NA,PRESERVED_SPECIMEN,COORDINATE_ROUNDED;GEODETIC_DATUM_ASSUMED_WGS84,GBIF
Steindachneria argentea,10.4,-75.833333,NA,1964,5,24,0,NA,PRESERVED_SPECIMEN,COORDINATE_ROUNDED;GEODETIC_DATUM_ASSUMED_WGS84,GBIF
Steindachneria argentea,12.583333,-82.316667,NA,1962,5,23,0,NA,PRESERVED_SPECIMEN,COORDINATE_ROUNDED;GEODETIC_DATUM_ASSUMED_WGS84,GBIF
Steindachneria argentea,14.4,-81.8,NA,1968,11,20,0,NA,PRESERVED_SPECIMEN,GEODETIC_DATUM_ASSUMED_WGS84,GBIF
Steindachneria argentea,19.958333,-71.083333,NA,1963,10,14,170,20,PRESERVED_SPECIMEN,COORDINATE_ROUNDED;GEODETIC_DATUM_ASSUMED_WGS84;CONTINENT_INVALID;DEPTH_NON_NUMERIC,GBIF
Steindachneria argentea,11.158333,-74.408333,NA,1964,5,16,0,NA,PRESERVED_SPECIMEN,COORDINATE_ROUNDED;GEODETIC_DATUM_ASSUMED_WGS84,GBIF
Steindachneria argentea,11.046667,-75.166667,NA,1964,5,23,0,NA,PRESERVED_SPECIMEN,COORDINATE_ROUNDED;GEODETIC_DATUM_ASSUMED_WGS84,GBIF
Steindachneria argentea,8.896667,-76.86,NA,1964,5,27,0,NA,PRESERVED_SPECIMEN,COORDINATE_ROUNDED;GEODETIC_DATUM_ASSUMED_WGS84,GBIF
Steindachneria argentea,11.833333,-73.083333,NA,1964,5,31,0,NA,PRESERVED_SPECIMEN,COORDINATE_ROUNDED;GEODETIC_DATUM_ASSUMED_WGS84,GBIF
Steindachneria argentea,11.158333,-74.475,NA,1964,5,17,0,NA,PRESERVED_SPECIMEN,COORDINATE_ROUNDED;GEODETIC_DATUM_ASSUMED_WGS84,GBIF
Steindachneria argentea,12.383333,-82.483333,NA,1962,6,2,0,NA,PRESERVED_SPECIMEN,COORDINATE_ROUNDED;GEODETIC_DATUM_ASSUMED_WGS84,GBIF
Steindachneria argentea,18.3,-67.308333,NA,1959,10,6,150,150,PRESERVED_SPECIMEN,COORDINATE_ROUNDED;GEODETIC_DATUM_ASSUMED_WGS84;CONTINENT_INVALID;DEPTH_MIN_MAX_SWAPPED;DEPTH_NON_NUMERIC,GBIF
Steindachneria argentea,11.166667,-74.45,NA,1964,5,17,0,NA,PRESERVED_SPECIMEN,COORDINATE_ROUNDED;GEODETIC_DATUM_ASSUMED_WGS84,GBIF
Steindachneria argentea,27.583333,-93.275,NA,1964,1,19,0,NA,PRESERVED_SPECIMEN,COORDINATE_ROUNDED;GEODETIC_DATUM_ASSUMED_WGS84;CONTINENT_INVALID,GBIF
Steindachneria argentea,29.116667,-88.566667,NA,1962,6,14,0,NA,PRESERVED_SPECIMEN,COORDINATE_ROUNDED;GEODETIC_DATUM_ASSUMED_WGS84;CONTINENT_INVALID,GBIF
Steindachneria argentea,11.15,-74.491667,NA,1964,5,16,0,NA,PRESERVED_SPECIMEN,COORDINATE_ROUNDED;GEODETIC_DATUM_ASSUMED_WGS84,GBIF
Steindachneria argentea,11.55,-62.5,NA,1960,4,20,0,NA,PRESERVED_SPECIMEN,GEODETIC_DATUM_ASSUMED_WGS84,GBIF
Steindachneria argentea,11.158333,-74.416667,NA,1964,5,19,0,NA,PRESERVED_SPECIMEN,COORDINATE_ROUNDED;GEODETIC_DATUM_ASSUMED_WGS84,GBIF
Steindachneria argentea,29.153333,-88.163333,NA,1984,11,13,0,NA,PRESERVED_SPECIMEN,COORDINATE_ROUNDED;GEODETIC_DATUM_ASSUMED_WGS84;CONTINENT_INVALID,GBIF
Steindachneria argentea,30.175,-80.122222,NA,1984,5,28,0,NA,PRESERVED_SPECIMEN,COORDINATE_ROUNDED;GEODETIC_DATUM_ASSUMED_WGS84;CONTINENT_INVALID,GBIF
Steindachneria argentea,26.18,-96.325,NA,1983,8,23,0,NA,PRESERVED_SPECIMEN,GEODETIC_DATUM_ASSUMED_WGS84;CONTINENT_INVALID,GBIF
Steindachneria argentea,27.116667,-96.2175,NA,1983,8,21,0,NA,PRESERVED_SPECIMEN,COORDINATE_ROUNDED;GEODETIC_DATUM_ASSUMED_WGS84;CONTINENT_INVALID,GBIF
Steindachneria argentea,27.593333,-93.016667,NA,1983,8,10,0,NA,PRESERVED_SPECIMEN,COORDINATE_ROUNDED;GEODETIC_DATUM_ASSUMED_WGS84;CONTINENT_INVALID,GBIF
Steindachneria argentea,27.038333,-96.258333,NA,1983,8,20,0,NA,PRESERVED_SPECIMEN,COORDINATE_ROUNDED;GEODETIC_DATUM_ASSUMED_WGS84;CONTINENT_INVALID,GBIF
Steindachneria argentea,27.42,-95.941667,NA,1983,8,20,0,NA,PRESERVED_SPECIMEN,COORDINATE_ROUNDED;GEODETIC_DATUM_ASSUMED_WGS84;CONTINENT_INVALID,GBIF
Steindachneria argentea,33.816667,-75.65,NA,1983,5,15,0,NA,PRESERVED_SPECIMEN,COORDINATE_ROUNDED;GEODETIC_DATUM_ASSUMED_WGS84;CONTINENT_INVALID,GBIF
Steindachneria argentea,29.054444,-88.985278,NA,1983,7,1,0,NA,PRESERVED_SPECIMEN,COORDINATE_ROUNDED;GEODETIC_DATUM_ASSUMED_WGS84;CONTINENT_INVALID,GBIF
Steindachneria argentea,29.2,-88.433333,NA,1960,5,28,0,NA,PRESERVED_SPECIMEN,COORDINATE_ROUNDED;GEODETIC_DATUM_ASSUMED_WGS84;CONTINENT_INVALID,GBIF
Steindachneria argentea,11.608333,-62.775,NA,1964,9,24,0,NA,PRESERVED_SPECIMEN,COORDINATE_ROUNDED;GEODETIC_DATUM_ASSUMED_WGS84,GBIF
Steindachneria argentea,11.5,-60.766667,NA,1964,9,22,0,NA,PRESERVED_SPECIMEN,COORDINATE_ROUNDED;GEODETIC_DATUM_ASSUMED_WGS84;CONTINENT_INVALID,GBIF
Steindachneria argentea,28.933333,-89.15,NA,1953,10,25,0,NA,PRESERVED_SPECIMEN,COORDINATE_ROUNDED;GEODETIC_DATUM_ASSUMED_WGS84;CONTINENT_INVALID,GBIF
Steindachneria argentea,27.85,-91.541667,NA,1951,11,11,NA,NA,PRESERVED_SPECIMEN,GEODETIC_DATUM_ASSUMED_WGS84;CONTINENT_INVALID;OCCURRENCE_STATUS_INFERRED_FROM_INDIVIDUAL_COUNT,GBIF
Steindachneria argentea,12.416667,-82.475,NA,1967,2,6,NA,NA,PRESERVED_SPECIMEN,GEODETIC_DATUM_ASSUMED_WGS84;CONTINENT_INVALID;OCCURRENCE_STATUS_INFERRED_FROM_INDIVIDUAL_COUNT,GBIF
Steindachneria argentea,29.066667,-88.516667,NA,1963,5,16,NA,NA,PRESERVED_SPECIMEN,GEODETIC_DATUM_ASSUMED_WGS84;COUNTRY_DERIVED_FROM_COORDINATES;CONTINENT_INVALID;OCCURRENCE_STATUS_INFERRED_FROM_INDIVIDUAL_COUNT,GBIF
Steindachneria argentea,29.225,-88.2,NA,1958,6,26,NA,NA,PRESERVED_SPECIMEN,GEODETIC_DATUM_ASSUMED_WGS84;CONTINENT_INVALID;OCCURRENCE_STATUS_INFERRED_FROM_INDIVIDUAL_COUNT,GBIF
Steindachneria argentea,18.5,-65.703333,NA,1987,8,15,NA,NA,PRESERVED_SPECIMEN,GEODETIC_DATUM_ASSUMED_WGS84;CONTINENT_INVALID;OCCURRENCE_STATUS_INFERRED_FROM_INDIVIDUAL_COUNT,GBIF
Steindachneria argentea,18.516667,-65.681667,NA,1987,8,15,NA,NA,PRESERVED_SPECIMEN,GEODETIC_DATUM_ASSUMED_WGS84;CONTINENT_INVALID;OCCURRENCE_STATUS_INFERRED_FROM_INDIVIDUAL_COUNT,GBIF
Steindachneria argentea,18.27,-67.375,NA,1987,8,6,NA,NA,PRESERVED_SPECIMEN,GEODETIC_DATUM_ASSUMED_WGS84;CONTINENT_INVALID;OCCURRENCE_STATUS_INFERRED_FROM_INDIVIDUAL_COUNT,GBIF
Steindachneria argentea,17.833333,-62.55,NA,NA,NA,NA,NA,NA,PRESERVED_SPECIMEN,GEODETIC_DATUM_ASSUMED_WGS84;COUNTRY_DERIVED_FROM_COORDINATES;CONTINENT_INVALID;OCCURRENCE_STATUS_INFERRED_FROM_INDIVIDUAL_COUNT,GBIF
Steindachneria argentea,11.15,-74.65,NA,1970,11,16,NA,NA,PRESERVED_SPECIMEN,GEODETIC_DATUM_ASSUMED_WGS84;OCCURRENCE_STATUS_INFERRED_FROM_INDIVIDUAL_COUNT,GBIF
Steindachneria argentea,28.706667,-89.861944,NA,1994,8,11,87,5,PRESERVED_SPECIMEN,COORDINATE_ROUNDED;GEODETIC_DATUM_ASSUMED_WGS84,GBIF
Steindachneria argentea,29.318056,-88.883611,NA,1997,9,11,36,1,PRESERVED_SPECIMEN,COORDINATE_ROUNDED;GEODETIC_DATUM_ASSUMED_WGS84,GBIF
Steindachneria argentea,29.110278,-88.691944,NA,1997,7,11,101,9,PRESERVED_SPECIMEN,COORDINATE_ROUNDED;GEODETIC_DATUM_ASSUMED_WGS84,GBIF
Steindachneria argentea,22.683611,-97.401947,NA,1990,12,2,0,0,UNKNOWN,COORDINATE_ROUNDED;GEODETIC_DATUM_ASSUMED_WGS84;BASIS_OF_RECORD_INVALID,GBIF
Steindachneria argentea,23.335556,-97.368332,NA,1990,12,2,0,0,UNKNOWN,COORDINATE_ROUNDED;GEODETIC_DATUM_ASSUMED_WGS84;BASIS_OF_RECORD_INVALID,GBIF
Steindachneria argentea,25.668057,-96.900833,NA,1990,4,10,0,0,UNKNOWN,COORDINATE_ROUNDED;GEODETIC_DATUM_ASSUMED_WGS84;BASIS_OF_RECORD_INVALID,GBIF
Steindachneria argentea,22.183889,-97.351669,NA,1989,9,4,0,0,UNKNOWN,COORDINATE_ROUNDED;GEODETIC_DATUM_ASSUMED_WGS84;BASIS_OF_RECORD_INVALID,GBIF
Steindachneria argentea,23.035555,-97.402496,NA,1989,9,13,0,0,UNKNOWN,COORDINATE_ROUNDED;GEODETIC_DATUM_ASSUMED_WGS84;BASIS_OF_RECORD_INVALID,GBIF
Steindachneria argentea,18.798334,-94.536667,NA,1999,3,12,0,0,UNKNOWN,COORDINATE_ROUNDED;GEODETIC_DATUM_ASSUMED_WGS84;BASIS_OF_RECORD_INVALID,GBIF
Steindachneria argentea,7.666667,-54.083333,NA,NA,NA,NA,450,NA,PRESERVED_SPECIMEN,COORDINATE_ROUNDED;GEODETIC_DATUM_ASSUMED_WGS84;RECORDED_DATE_INVALID,GBIF
Steindachneria argentea,29.20000076,-88.09999847,NA,1956,6,22,439,NA,PreservedSpecimen,depth_exceeds_bath,OBIS
Steindachneria argentea,29.31805611,-88.88361359,NA,NA,NA,NA,36,NA,PreservedSpecimen,NA,OBIS
Steindachneria argentea,11.08766747,-75.25550079,NA,1998,NA,NA,NA,NA,PreservedSpecimen,no_depth,OBIS
Steindachneria argentea,28.79999924,-89.30000305,NA,1959,5,22,110,NA,PreservedSpecimen,NA,OBIS
Steindachneria argentea,10.53499985,-75.65139008,NA,2001,NA,NA,NA,NA,PreservedSpecimen,no_depth,OBIS
Steindachneria argentea,29.22500038,-88.19999695,NA,NA,NA,NA,NA,NA,PreservedSpecimen,no_depth,OBIS
Steindachneria argentea,10.17116642,-76.02532959,NA,1999,NA,NA,NA,NA,PreservedSpecimen,no_depth,OBIS
Steindachneria argentea,11.5,-73.93000031,NA,1996,NA,NA,NA,NA,Occurrence,no_depth,OBIS
Steindachneria argentea,12.4005003,-72.25016785,NA,1998,NA,NA,NA,NA,PreservedSpecimen,no_depth,OBIS
Steindachneria argentea,29.10000038,-88.59999847,NA,1962,6,14,229,NA,PreservedSpecimen,NA,OBIS
Steindachneria argentea,10.53499985,-75.65139008,NA,2001,NA,NA,NA,NA,PreservedSpecimen,no_depth,OBIS
Steindachneria argentea,11.75,-72.79000092,NA,1988,NA,NA,NA,NA,Occurrence,no_depth,OBIS
Steindachneria argentea,12.57166672,-71.83333588,NA,1998,NA,NA,NA,NA,PreservedSpecimen,no_depth,OBIS
Steindachneria argentea,29.24166679,-88.15833282,NA,1959,1,26,NA,NA,PreservedSpecimen,no_depth,OBIS
Steindachneria argentea,12.57166672,-71.83333588,NA,1998,NA,NA,NA,NA,PreservedSpecimen,no_depth,OBIS
Steindachneria argentea,11.4119997,-74.24183655,NA,1998,NA,NA,NA,NA,PreservedSpecimen,no_depth,OBIS
Steindachneria argentea,10.53833294,-75.65472412,NA,2001,NA,NA,NA,NA,PreservedSpecimen,no_depth,OBIS
Steindachneria argentea,12.57166672,-71.83333588,NA,1998,NA,NA,NA,NA,PreservedSpecimen,no_depth,OBIS
Steindachneria argentea,18.27000046,-67.375,NA,NA,NA,NA,530.7,NA,PreservedSpecimen,NA,OBIS
Steindachneria argentea,11.19999981,-74.5,NA,1996,NA,NA,NA,NA,Occurrence,no_depth,OBIS
Steindachneria argentea,28.5,-89.40000153,NA,1959,5,21,155,NA,PreservedSpecimen,NA,OBIS
Steindachneria argentea,18.5,-65.70333099,NA,NA,NA,NA,476.715,NA,PreservedSpecimen,NA,OBIS
Steindachneria argentea,12.4005003,-72.25016785,NA,1998,NA,NA,NA,NA,PreservedSpecimen,no_depth,OBIS
Steindachneria argentea,11.35000038,-73.48000336,NA,1997,NA,NA,NA,NA,Occurrence,no_depth,OBIS
Steindachneria argentea,11.43200016,-74.19483185,NA,1998,NA,NA,NA,NA,PreservedSpecimen,no_depth,OBIS
Steindachneria argentea,29.47258949,-87.16893005,336520,NA,NA,NA,450,NA,HumanObservation,depth_exceeds_bath,OBIS
Steindachneria argentea,10.21083333,-75.86783333,2749.834071,NA,NA,NA,NA,NA,PreservedSpecimen,no_depth,OBIS
Steindachneria argentea,10.21083355,-75.867836,NA,1995,NA,NA,NA,NA,PreservedSpecimen,no_depth,OBIS
Steindachneria argentea,9.888667107,-76.23316956,NA,1999,NA,NA,NA,NA,PreservedSpecimen,no_depth,OBIS
Steindachneria argentea,29.1397,-88.4197,NA,2001,11,19,275,NA,PreservedSpecimen,NA,OBIS
Steindachneria argentea,28.70666695,-89.86194611,NA,NA,NA,NA,87,NA,PreservedSpecimen,NA,OBIS
Steindachneria argentea,12.80000019,-70.40000153,NA,NA,NA,NA,NA,NA,PreservedSpecimen,no_depth,OBIS
Steindachneria argentea,29.24166679,-88.15833282,NA,1885,2,11,124,NA,PreservedSpecimen,NA,OBIS
Steindachneria argentea,11.75,-72.36000061,NA,1988,NA,NA,NA,NA,Occurrence,"no_depth,on_land",OBIS
Steindachneria argentea,29.11805534,-88.83472443,NA,NA,NA,NA,NA,NA,PreservedSpecimen,no_depth,OBIS
Steindachneria argentea,26.79913521,-84.71572113,201270,NA,NA,NA,450,NA,HumanObservation,depth_exceeds_bath,OBIS
Steindachneria argentea,12.56849957,-71.84249878,NA,1998,NA,NA,NA,NA,PreservedSpecimen,no_depth,OBIS
Steindachneria argentea,29.24166679,-88.15833282,NA,1959,1,26,NA,NA,PreservedSpecimen,no_depth,OBIS
Steindachneria argentea,23.64209747,-89.18030548,371780,NA,NA,NA,450,NA,HumanObservation,depth_exceeds_bath,OBIS
Steindachneria argentea,11.14999962,-74.65000153,NA,NA,NA,NA,NA,NA,PreservedSpecimen,no_depth,OBIS
Steindachneria argentea,11.43200016,-74.19483185,NA,1998,NA,NA,NA,NA,PreservedSpecimen,no_depth,OBIS
Steindachneria argentea,23.03691673,-82.92881775,262350,NA,NA,NA,450,NA,HumanObservation,depth_exceeds_bath,OBIS
Steindachneria argentea,29.11027718,-88.69194794,NA,NA,NA,NA,101,NA,PreservedSpecimen,NA,OBIS
Steindachneria argentea,19.24204636,-93.51048279,589010,NA,NA,NA,450,NA,HumanObservation,NA,OBIS
Steindachneria argentea,27.69209862,-91.75595093,219380,NA,NA,NA,450,NA,HumanObservation,NA,OBIS
Steindachneria argentea,26.96417236,-96.08229065,290830,NA,NA,NA,450,NA,HumanObservation,NA,OBIS
Steindachneria argentea,12.39766693,-72.26983643,NA,1998,NA,NA,NA,NA,PreservedSpecimen,no_depth,OBIS
Steindachneria argentea,10.53833294,-75.65472412,NA,2001,NA,NA,NA,NA,PreservedSpecimen,no_depth,OBIS
Steindachneria argentea,28.57221985,-89.86193848,NA,NA,NA,NA,NA,NA,PreservedSpecimen,no_depth,OBIS
Steindachneria argentea,27.85000038,-91.54166412,NA,NA,NA,NA,NA,NA,PreservedSpecimen,no_depth,OBIS
Steindachneria argentea,7.666666667,-54.08333333,NA,NA,NA,NA,450,NA,PreservedSpecimen,NA,OBIS
Steindachneria argentea,29.29999924,-87.69999695,NA,1969,6,22,433,NA,PreservedSpecimen,depth_exceeds_bath,OBIS
Steindachneria argentea,22.45035553,-97.31250763,304280,NA,NA,NA,450,NA,HumanObservation,NA,OBIS
Steindachneria argentea,10.1704998,-76.02983093,NA,1999,NA,NA,NA,NA,PreservedSpecimen,no_depth,OBIS
Steindachneria argentea,12.41666698,-82.47499847,NA,NA,NA,NA,194.895,NA,PreservedSpecimen,NA,OBIS
Steindachneria argentea,29.24166679,-88.15833282,NA,NA,NA,NA,NA,NA,PreservedSpecimen,no_depth,OBIS
Steindachneria argentea,11.38516712,-74.2009964,NA,1998,NA,NA,NA,NA,PreservedSpecimen,no_depth,OBIS
Steindachneria argentea,28.51556015,-86.1027832,NA,NA,NA,NA,NA,NA,PreservedSpecimen,no_depth,OBIS